[{"model": "auth.permission", "pk": 1, "fields": {"name": "Can add log entry", "content_type": 1, "codename": "add_logentry"}}, {"model": "auth.permission", "pk": 2, "fields": {"name": "Can change log entry", "content_type": 1, "codename": "change_logentry"}}, {"model": "auth.permission", "pk": 3, "fields": {"name": "Can delete log entry", "content_type": 1, "codename": "delete_logentry"}}, {"model": "auth.permission", "pk": 4, "fields": {"name": "Can view log entry", "content_type": 1, "codename": "view_logentry"}}, {"model": "auth.permission", "pk": 5, "fields": {"name": "Can add permission", "content_type": 2, "codename": "add_permission"}}, {"model": "auth.permission", "pk": 6, "fields": {"name": "Can change permission", "content_type": 2, "codename": "change_permission"}}, {"model": "auth.permission", "pk": 7, "fields": {"name": "Can delete permission", "content_type": 2, "codename": "delete_permission"}}, {"model": "auth.permission", "pk": 8, "fields": {"name": "Can view permission", "content_type": 2, "codename": "view_permission"}}, {"model": "auth.permission", "pk": 9, "fields": {"name": "Can add group", "content_type": 3, "codename": "add_group"}}, {"model": "auth.permission", "pk": 10, "fields": {"name": "Can change group", "content_type": 3, "codename": "change_group"}}, {"model": "auth.permission", "pk": 11, "fields": {"name": "Can delete group", "content_type": 3, "codename": "delete_group"}}, {"model": "auth.permission", "pk": 12, "fields": {"name": "Can view group", "content_type": 3, "codename": "view_group"}}, {"model": "auth.permission", "pk": 13, "fields": {"name": "Can add user", "content_type": 4, "codename": "add_user"}}, {"model": "auth.permission", "pk": 14, "fields": {"name": "Can change user", "content_type": 4, "codename": "change_user"}}, {"model": "auth.permission", "pk": 15, "fields": {"name": "Can delete user", "content_type": 4, "codename": "delete_user"}}, {"model": "auth.permission", "pk": 16, "fields": {"name": "Can view user", "content_type": 4, "codename": "view_user"}}, {"model": "auth.permission", "pk": 17, "fields": {"name": "Can add content type", "content_type": 5, "codename": "add_contenttype"}}, {"model": "auth.permission", "pk": 18, "fields": {"name": "Can change content type", "content_type": 5, "codename": "change_contenttype"}}, {"model": "auth.permission", "pk": 19, "fields": {"name": "Can delete content type", "content_type": 5, "codename": "delete_contenttype"}}, {"model": "auth.permission", "pk": 20, "fields": {"name": "Can view content type", "content_type": 5, "codename": "view_contenttype"}}, {"model": "auth.permission", "pk": 21, "fields": {"name": "Can add session", "content_type": 6, "codename": "add_session"}}, {"model": "auth.permission", "pk": 22, "fields": {"name": "Can change session", "content_type": 6, "codename": "change_session"}}, {"model": "auth.permission", "pk": 23, "fields": {"name": "Can delete session", "content_type": 6, "codename": "delete_session"}}, {"model": "auth.permission", "pk": 24, "fields": {"name": "Can view session", "content_type": 6, "codename": "view_session"}}, {"model": "auth.permission", "pk": 25, "fields": {"name": "Can add skill", "content_type": 7, "codename": "add_skill"}}, {"model": "auth.permission", "pk": 26, "fields": {"name": "Can change skill", "content_type": 7, "codename": "change_skill"}}, {"model": "auth.permission", "pk": 27, "fields": {"name": "Can delete skill", "content_type": 7, "codename": "delete_skill"}}, {"model": "auth.permission", "pk": 28, "fields": {"name": "Can view skill", "content_type": 7, "codename": "view_skill"}}, {"model": "auth.permission", "pk": 29, "fields": {"name": "Can add state", "content_type": 8, "codename": "add_state"}}, {"model": "auth.permission", "pk": 30, "fields": {"name": "Can change state", "content_type": 8, "codename": "change_state"}}, {"model": "auth.permission", "pk": 31, "fields": {"name": "Can delete state", "content_type": 8, "codename": "delete_state"}}, {"model": "auth.permission", "pk": 32, "fields": {"name": "Can view state", "content_type": 8, "codename": "view_state"}}, {"model": "auth.permission", "pk": 33, "fields": {"name": "Can add profile", "content_type": 9, "codename": "add_profile"}}, {"model": "auth.permission", "pk": 34, "fields": {"name": "Can change profile", "content_type": 9, "codename": "change_profile"}}, {"model": "auth.permission", "pk": 35, "fields": {"name": "Can delete profile", "content_type": 9, "codename": "delete_profile"}}, {"model": "auth.permission", "pk": 36, "fields": {"name": "Can view profile", "content_type": 9, "codename": "view_profile"}}, {"model": "auth.permission", "pk": 37, "fields": {"name": "Can add profile file", "content_type": 10, "codename": "add_profilefile"}}, {"model": "auth.permission", "pk": 38, "fields": {"name": "Can change profile file", "content_type": 10, "codename": "change_profilefile"}}, {"model": "auth.permission", "pk": 39, "fields": {"name": "Can delete profile file", "content_type": 10, "codename": "delete_profilefile"}}, {"model": "auth.permission", "pk": 40, "fields": {"name": "Can view profile file", "content_type": 10, "codename": "view_profilefile"}}, {"model": "auth.permission", "pk": 41, "fields": {"name": "Can add comment", "content_type": 11, "codename": "add_comment"}}, {"model": "auth.permission", "pk": 42, "fields": {"name": "Can change comment", "content_type": 11, "codename": "change_comment"}}, {"model": "auth.permission", "pk": 43, "fields": {"name": "Can delete comment", "content_type": 11, "codename": "delete_comment"}}, {"model": "auth.permission", "pk": 44, "fields": {"name": "Can view comment", "content_type": 11, "codename": "view_comment"}}, {"model": "auth.group", "pk": 1, "fields": {"name": "Admin", "permissions": [13, 14, 15, 16, 25, 27, 28, 29, 31, 32, 43, 33, 34, 35, 36, 39]}}, {"model": "auth.group", "pk": 2, "fields": {"name": "Editeur", "permissions": [13, 14, 15, 16, 25, 28, 29, 32, 33, 34, 35, 36, 39]}}, {"model": "auth.group", "pk": 3, "fields": {"name": "Consultant", "permissions": [28, 32, 34, 36]}}, {"model": "auth.user", "pk": 1, "fields": {"password": "pbkdf2_sha256$600000$xmB3eSBl95j5FGJlVcMcKI$myaLK+CxM5DZa8SDC2f4sKyXB+zb37FIYgzha7ibOrs=", "last_login": "2024-09-27T22:40:12.491", "is_superuser": false, "username": "admin", "first_name": "", "last_name": "", "email": "", "is_staff": false, "is_active": true, "date_joined": "2024-09-27T22:35:21.602", "groups": [1], "user_permissions": []}}, {"model": "auth.user", "pk": 2, "fields": {"password": "pbkdf2_sha256$600000$yr9BeICnBAfXBzeSnNk1ku$mx65y/in6CPzZ2F0IlcH+VdsNZ41mHEa4maZdWU4KW8=", "last_login": null, "is_superuser": false, "username": "editeur", "first_name": "", "last_name": "", "email": "", "is_staff": false, "is_active": true, "date_joined": "2024-09-27T22:35:21.748", "groups": [2], "user_permissions": []}}, {"model": "auth.user", "pk": 3, "fields": {"password": "pbkdf2_sha256$600000$EumFHmeDHnBkTtUw9OvJXk$/5gFvnzmZfbdlUoYIG2VRi2d1WmK/jInUYfGS4Gasv0=", "last_login": null, "is_superuser": false, "username": "consultant", "first_name": "", "last_name": "", "email": "", "is_staff": false, "is_active": true, "date_joined": "2024-09-27T22:35:21.894", "groups": [3], "user_permissions": []}}, {"model": "auth.user", "pk": 4, "fields": {"password": "pbkdf2_sha256$600000$qx4C8P4YF1hUCdI7Z8ma96$bOhjPoNQ/CmOROXTfG3B5ZXrkoz+fg8GAudKO4BxD7Y=", "last_login": null, "is_superuser": true, "username": "superuser", "first_name": "", "last_name": "", "email": "", "is_staff": true, "is_active": true, "date_joined": "2024-09-27T22:35:22.040", "groups": [], "user_permissions": []}}, {"model": "contenttypes.contenttype", "pk": 1, "fields": {"app_label": "admin", "model": "logentry"}}, {"model": "contenttypes.contenttype", "pk": 2, "fields": {"app_label": "auth", "model": "permission"}}, {"model": "contenttypes.contenttype", "pk": 3, "fields": {"app_label": "auth", "model": "group"}}, {"model": "contenttypes.contenttype", "pk": 4, "fields": {"app_label": "auth", "model": "user"}}, {"model": "contenttypes.contenttype", "pk": 5, "fields": {"app_label": "contenttypes", "model": "contenttype"}}, {"model": "contenttypes.contenttype", "pk": 6, "fields": {"app_label": "sessions", "model": "session"}}, {"model": "contenttypes.contenttype", "pk": 7, "fields": {"app_label": "config", "model": "skill"}}, {"model": "contenttypes.contenttype", "pk": 8, "fields": {"app_label": "config", "model": "state"}}, {"model": "contenttypes.contenttype", "pk": 9, "fields": {"app_label": "profiles", "model": "profile"}}, {"model": "contenttypes.contenttype", "pk": 10, "fields": {"app_label": "profiles", "model": "profilefile"}}, {"model": "contenttypes.contenttype", "pk": 11, "fields": {"app_label": "profiles", "model": "comment"}}, {"model": "sessions.session", "pk": "7m0aiasyn2mum3at2e6q27un5b0ll2gq", "fields": {"session_data": ".eJxVjEEOwiAQRe_C2pACw1BcuvcMZAaoVA0kpV0Z765NutDtf-_9lwi0rSVsPS9hTuIslDj9bkzxkesO0p3qrcnY6rrMLHdFHrTLa0v5eTncv4NCvXxrZuU8RpysT4bMxGAIMqJVZEGnUTmMoDmi1drDgJiJtHMjGO8H65R4fwDVfDa8:1suHl6:rfvkSeMi43lyzJvbe5NP1m02HTxBrxnQCcYZaKk8n9s", "expire_date": "2024-10-11T22:40:12.492"}}, {"model": "config.skill", "pk": 1, "fields": {"name": "azer"}}, {"model": "config.skill", "pk": 2, "fields": {"name": "rea"}}, {"model": "config.skill", "pk": 3, "fields": {"name": "azer"}}, {"model": "config.state", "pk": 1, "fields": {"name": "rezaezrae"}}, {"model": "config.state", "pk": 2, "fields": {"name": "rerezzre"}}, {"model": "config.state", "pk": 3, "fields": {"name": "rrrr"}}, {"model": "profiles.profile", "pk": 1, "fields": {"name": "", "surname": "azer", "email": "raze", "number": "", "town": "", "state": 1, "diplomas": "", "creation_date": "2024-09-27T22:36:12.253", "update_date": "2024-09-27T22:40:20.187", "skills": [1, 2, 3]}}, {"model": "profiles.comment", "pk": 1, "fields": {"profile": 1, "user": 1, "text": "azerezra", "creation_date": "2024-09-27T22:36:12.254"}}, {"model": "profiles.comment", "pk": 2, "fields": {"profile": 1, "user": 1, "text": "hello", "creation_date": "2024-09-27T22:40:20.188"}}, {"model": "profiles.profilefile", "pk": 1, "fields": {"profile": 1, "file": "profile_files/boarding-pass_6.pdf"}}, {"model": "profiles.profilefile", "pk": 2, "fields": {"profile": 1, "file": "profile_files/CMI_Stationnement.pdf"}}]